SQL	XML
ABIÉTINE	ABIÉTINÉ
ACANTHOBOLE	ÀCANTHOBOLE
ACÉTE	ACETE
ACÉTONITRILE	ACETONITRILE
ADENEMPHRAXIE	ADÉNEMPHRAXIE
ADÉNOPHARYNGIEN	ADÉNO-PHARYNGIEN
ADÉNOPHARYNGITE	ADÉNO-PHARYNGITE
ADÉNOSES	ADENOSES
AÉRIFÈRE	AÉRIFÉRE
AÉROLOGIE	AEROLOGIE
ETHRIOSCOPE	ÉTHRIOSCOPE
ALLANTOÏNE	ALLANTOINE
ALLÉLUIA	ALLELUIA
ALTIMÈTRIE	ALTIMÉTRIE
ALUNITÉ	ALUNITE
ÂME	AME
AMMOCÈTE	AMMOCÉTE
AMPHOTÈRE	AMPHOTERE
ANAMNÉSTIQUE	ANAMNESTIQUE
ANGIOSIALITÉ	ANGIOSIALITE
APOPLECTOÏDE	APOPLECTOÏDÉ
APOSKEPARNISMOS	APOSKÉPARNISMOS
ÂPRE	APRE
APRETÉ	ÂPRETÉ
ARSÉNIQUE	ARSÉNIQUÉ
ARSÉNIQUE	ARSÉNIQUÉ
ARTHRO KAKOLOGIE	ARTHROKAKOLOGIE
ASCLÉPIADE	ASCLEPIADE
ASCLÉPIADES	ASCLEPIADES
ATHÉROME	ATHEROME
ATRÉTOSTOMIE	ATRÈTOSTOMIE
ECLISSE	ÉCLISSE
AURINÉ	AURINE
AVÉLANÈDE	AVELANÈDE
AZÉROLIER	AZEROLIER
BECHORTHOPNÉE	BÉCHORTHOPNÉE
IGNÉ	IGNE
BENZIDAME	BENZIDÀME
BÉSICLES	BESICLES
BLÉPHAROSPASME	BLEPHAROSPASME
BRÛLE-QUEUE	BRULE-QUEUE
BYSSÉES	BYSSÈES
CAILLEBOTTÉ	CAILLEBOTTE
CALCANÉO-SOUS PHALANGIEN	CALCANÉO-SOUS-PHALANGIEN
CAMPANULÉ	CAMPANULE
CAMPÊCHE	CAMPECHE
CAPRIER	CÂPRIER
CAPROËNE	CAPROÈNE
CARPOBALSAMUM	CARPOBÂLSAMUM
CASCA D'ANTA	CASCA D’ANTA
CASSITÉRIDES	CASSITERIDES
CÉPHALOMÉTRIE	CEPHALOMETRIE
CÉRATO-GLOSSE	CERATOGLOSSE
CERCLE	CERCLÉ
CÉTYLATE D'OXYDE D'ETHYLE	CÉTYLATE D’OXYDE D’ÉTHYLE
CHAÎNE	CHAINE
CHAÎNETTE	CHAINETTE
CHATAÎGNE	CHATAIGNE
CHATAÎGNIER	CHÂTAIGNIER
CHÂTRURE	CHATRURE
CHAULAGE	CHAULÀGE
CHÉNEVIS	CHÈNEVIS
CHLORÉ	CHLORE
CHLORÉTHÉROÎDE	CHLORÉTHÉROIDE
CHLOROBUTYRIQUE	CHLOROBUTYRIQUÈ
CHOLÉCHROÎNE	CHOLÉCHROÏNE
CHOLÉLITHIASE	CHOLELITHIASE
CHOLESTÉATOME	CHOLESTEATOME
CHOLOSTÉGNOSE	CHOLOSTEGNOSE
CHYLOPOÈTIQUE	CHYLOPOÉTIQUE
CHYLOPOIÉTIQUE	ÇHYLOPOIÉTIQUE
COCHLÉARIA	COCHLEARIA
COCHLÉAT	COCHLEAT
COCHLÉATIM	COCHLEATIM
CÔLON	COLON
ETÉ	ETE
CÔNE	CONE
CONTRE-STIMULISME	CONTRE-STIMULISMÈ
CORIAMYRTINE	CÔRIAMYRTINE
COSTO-TRACHÉLIEN	CÔSTO-TRACHÉLIEN
CÔTÉ	COTE
CÔTÉ	COTÉ
COTYLÉDONAIRE	COTYLEDONAIRE
COURT-JOINTÉ	COURT-JOINTE
CROCH U	CROCHU
CUILLÉRÉE	CUILLERÉE
CUIVRE	CUIVRÉ
CUPULE	CUPULÉ
CYSTOCÈLE	CYSTOCELE
DÉCRÉPITATION	DECREPITATION
DÉCUIT	DECUIT
DÉLIQUIUM	DELIQUIUM
DÉLIRIUM TREMENS	DELIRIUM TREMENS
DÉLIVRÉ	DÉLIVRE
DESSÉCHEMENT	DESSÈCHEMENT
ENTE	ENTÉ
DIACRÂNIEN	DIACRÀNIEN
DIANTHUM 	DIANTHUM
DIASTÉMATOCRÂNIE	DIASTÉMATOCRANIE
DYSGENÉSIE	DYSGENESIE
EBARBEMENT	ÉBARBEMENT
EBÉNACÉES	ÉBÉNACÉES
EBÈNE	ÉBÈNE
EBLANINE	ÉBLANINE
EBLOUISSEMENT	ÉBLOUISSEMENT
EBRANLEMENT	ÉBRANLEMENT
EBRIÉTÉ	ÉBRIÉTÉ
EBRIEUX	ÉBRIEUX
EBROUEMENT	ÉBROUEMENT
EBULLIOSCOPE	ÉBULLIOSCOPE
EBULLITION	ÉBULLITION
EBURNATION	ÉBURNATION
EBURNÉ	ÉBURNÉ
ECAILLE	ÉCAILLE
ECARISSAGE	ÉCARISSAGE
ECARISSOIR	ÉCARISSOIR
ECART	ÉCART
ECARTEUR	ÉCARTEUR
ECHALOTE	ÉCHALOTE
ECHANCRURE	ÉCHANCRURE
ECHARDE	ÉCHARDE
ECHARPE	ÉCHARPE
ECHASSIERS	ÉCHASSIERS
ECHAUBOULURE	ÉCHAUBOULURE
ECHAUFFANT	ÉCHAUFFANT
ECHAUFFEMENT	ÉCHAUFFEMENT
ECHELLE	ÉCHELLE
ECHINE	ÉCHINE
ECHINIDE	ÉCHINIDE
ECHINOCOQUE	ÉCHINOCOQUE
ECHINODERMES	ÉCHINODERMES
ECHINOPHTHALMIE	ÉCHINOPHTHALMIE
ECHO	ÉCHO
ECHOMÈTRE	ÉCHOMÈTRE
ECLAIR	ÉCLAIR
ECLAIRAGE	ÉCLAIRAGE
ECLAIRE	ÉCLAIRE
ECLAMPSIE	ÉCLAMPSIE
ECLAMPTIQUE	ÉCLAMPTIQUE
ECLAT	ÉCLAT
ECLECTIQUE	ÉCLECTIQUE
ECLECTISME	ÉCLECTISME
ECLEGME	ÉCLEGME
ECLISSE	ÉCLISSE
ECOLE	ÉCOLE
ECONOMIE	ÉCONOMIE
ECORCE	ÉCORCE
ECORCEMENT	ÉCORCEMENT
ECORCHERIE	ÉCORCHERIE
ECORCHURE	ÉCORCHURE
ECOULEMENT	ÉCOULEMENT
ECOUVILLON	ÉCOUVILLON
ECOUVILLONNEMENT	ÉCOUVILLONNEMENT
ECRAN	ÉCRAN
ECRASEMENT	ÉCRASEMENT
ECRASEUR	ÉCRASEUR
ECREVISSE	ÉCREVISSE
ECROUELLES	ÉCROUELLES
ECROUELLET	ÉCROUELLET
ECTOPIE	ECTOPIÉ
ECUME	ÉCUME
ECUSSON	ÉCUSSON
EDENTÉS	ÉDENTÉS
EDOCÉPHALE	ÉDOCÉPHALE
EDREDON	ÉDREDON
EDUCATION	ÉDUCATION
EDUCTE	ÉDUCTE
EDULCORATION	ÉDULCORATION
EDULE	ÉDULE
EGAGROPILE	ÉGAGROPILE
EGAL	ÉGAL
EGESTIF	ÉGESTIF
EGILOPS	ÉGILOPS
EGLANDER	ÉGLANDER
EGLANTIER	ÉGLANTIER
EGOÏSME	ÉGOÏSME
EGOPHONE	ÉGOPHONE
EGOPHONIE	ÉGOPHONIE
EGOPHONIQUE	ÉGOPHONIQUE
EGROTANT	ÉGROTANT
EGYPTIAC	ÉGYPTIAC
EJACULATEUR	ÉJACULATEUR
EJACULATION	ÉJACULATION
EJACULATOIRE	ÉJACULATOIRE
EJARRAGE	ÉJARRAGE
ELABORATION	ÉLABORATION
ELAEENCÉPHOLE	ÉLÆENCÉPHOLE
ELAEÈNE	ÉLÆÈNE
ELAEÉRINE	ÉLÆÉRINE
ELAEODIQUE	ÉLÆODIQUE
ELAEOMÈTRE	ÉLÆOMÈTRE
ELAEOPTÈNE	ÉLÆOPTÈNE
ELAÏDINE	ÉLAÏDINE
ELAÏDIQUE	ÉLAÏDIQUE
ELAIÉRINE	ÉLAIÉRINE
ELAÏQUE	ÉLAÏQUE
ELAÏS	ÉLAÏS
ELALDÉHYDE	ÉLALDÉHYDE
ELAN	ÉLAN
ELANCEMENT	ÉLANCEMENT
ELASTICINE	ÉLASTICINE
ELASTICITÉ	ÉLASTICITÉ
ELASTIQUE	ÉLASTIQUE
ELASTIQUE	ÉLASTIQUE
ELATÈRE	ÉLATÈRE
ELATÉRINE	ÉLATÉRINE
ELATÉRITE	ÉLATÉRITE
ELATÉRIUM	ÉLATÉRIUM
ELATÉROMÈTRE	ÉLATÉROMÈTRE
ELATHINE	ÉLATHINE
ELAYLE	ÉLAYLE
ELAYLMERCAPTAN	ÉLAYLMERCAPTAN
ELÉAGNACÉES	ÉLÉAGNACÉES
ELÉCAMPE	ÉLÉCAMPE
ELECTIF	ÉLECTIF
ELECTION	ÉLECTION
ELECTIVITÉ	ÉLECTIVITÉ
ELECTRICITÉ	ÉLECTRICITÉ
ELECTRIQUE	ÉLECTRIQUE
ELECTRISABLE	ÉLECTRISABLE
ELECTRISATION	ÉLECTRISATION
ELECTRO-AIMANT	ÉLECTRO-AIMANT
ELECTRO-BIOLOGIQUE	ÉLECTRO-BIOLOGIQUE
ELECTRO-CHIMIE	ÉLECTRO-CHIMIE
ELECTRO-CHIMIQUE	ÉLECTRO-CHIMIQUE
ELECTRODE	ÉLECTRODE
ELECTRO-DYNAMIQUE	ÉLECTRO-DYNAMIQUE
ELECTRO-DYNAMISME	ÉLECTRO-DYNAMISME
ELECTRO-GALVANIQUE	ÉLECTRO-GALVANIQUE
ELECTROGÈNE	ÉLECTROGÈNE
ELECTROGENÈSE	ÉLECTROGENÈSE
ELECTROLOGIE	ÉLECTROLOGIE
ELECTROLYSATION	ÉLECTROLYSATION
ELECTROLYSER	ÉLECTROLYSER
ELECTROLYTE	ÉLECTROLYTE
ELECTROLYTIQUE	ÉLECTROLYTIQUE
ELECTRO-MAGNÉTIQUE	ÉLECTRO-MAGNÉTIQUE
ELECTRO-MAGNÉTISME	ÉLECTRO-MAGNÉTISME
ELECTROMÈTRE	ÉLECTROMÈTRE
ELECTROMÈTRIE	ÉLECTROMÉTRIE
ELECTROMÉTRIQUE	ÉLECTROMÉTRIQUE
ELECTROMOTEUR	ÉLECTROMOTEUR
ELECTROPHORE	ÉLECTROPHORE
ELECTRO-PHYSIOLOGIE	ÉLECTRO-PHYSIOLOGIE
ELECTRO-PHYSIOLOGIQUE	ÉLECTRO-PHYSIOLOGIQUE
ELECTRO-POLAIRE	ÉLECTRO-POLAIRE
ELECTRO-POSITIF	ÉLECTRO-POSITIF
ELECTRO-PUNCTURE	ÉLECTRO-PUNCTURE
ELECTROSCOPE	ÉLECTROSCOPE
ELECTRO-THÉRAPEUTIQUE	ÉLECTRO-THÉRAPEUTIQUE
ELECTROTHERMIE	ÉLECTROTHERMIE
ELECTRO-TONIQUE	ÉLECTRO-TONIQUE
ELECTRO-VITALISME	ÉLECTRO-VITALISME
ELECTUAIRE	ÉLECTUAIRE
ELÉENCÉPHOLE	ÉLÉENCÉPHOLE
ELÉMENT	ÉLÉMENT
ELÉMENTAIRE	ÉLÉMENTAIRE
ELÉMI	ÉLÉMI
ELÉMINE	ÉLÉMINE
ELÉOCÉRAT	ÉLÉOCÉRAT
ELÉOLATE	ÉLÉOLATE
ELÉOLÉ	ÉLÉOLÉ
ELÉOLIQUE	ÉLÉOLIQUE
ELÉOPTÈNE	ÉLÉOPTÈNE
ELÉO-SACCHARUM	ÉLÉO-SACCHARUM
ELÉPHANTIAQUE	ÉLÉPHANTIAQUE
ELÉPHANTIASIS	ELEPHANTIASIS
ELÉPHANTIQUE	ÉLÉPHANTIQUE
ELETTARI	ÉLETTARI
ELEVAGE	ÉLEVAGE
ELÉVATEUR	ÉLÉVATEUR
ELÉVATION	ÉLÉVATION
ELÉVATOIRE	ÉLÉVATOIRE
ELÈVE	ÉLÈVE
ELEVURE	ÉLEVURE
ELIMINATEUR	ÉLIMINATEUR
ELIMINATION	ÉLIMINATION
ELIXATION	ÉLIXATION
ELIXIR	ÉLIXIR
ELODE	ÉLODE
ELONGATION	ÉLONGATION
ELUTRIATION	ÉLUTRIATION
ELYTRE	ÉLYTRE
ELYTRITE	ÉLYTRITE
ELYTRO-BLENNORRHÉE	ÉLYTRO-BLENNORRHÉE
ELYTRO-CAUSTIQUE	ÉLYTRO-CAUSTIQUE
ELYTROÏDE	ÉLYTROÏDE
ELYTROÏTE	ÉLYTROÏTE
ELYTROPLASTIE	ÉLYTROPLASTIE
ELYTROPTOSE	ÉLYTROPTOSE
ELYTRORRHAGIE	ÉLYTRORRHAGIE
ELYTROTOME	ÉLYTROTOME
EMACIATION	ÉMACIATION
EMAIL	ÉMAIL
EMANATION	ÉMANATION
EMARGINATURE	ÉMARGINATURE
EMASCULATION	ÉMASCULATION
EMBOÎTURE	EMBOITURE
EMERGENCE	ÉMERGENCE
EMERGENT	ÉMERGENT
EMERI	ÉMERI
EMÉTICITÉ	ÉMÉTICITÉ
EMÉTINE	ÉMÉTINE
EMÉTIQUE	ÉMÉTIQUE
EMÉTIQUE	ÉMÉTIQUE
EMÉTISER	ÉMÉTISER
EMÉTOLOGIE	ÉMÉTOLOGIE
EMIGRATION	ÉMIGRATION
EMINENCE	ÉMINENCE
EMISSAIRE	ÉMISSAIRE
EMISSIF	ÉMISSIF
EMISSION	ÉMISSION
EMOLLIENT	ÉMOLLIENT
EMONCTOIRE	ÉMONCTOIRE
EMONDATION	ÉMONDATION
EMONDER	ÉMONDER
EMOTION	ÉMOTION
EMOTIVITÉ	ÉMOTIVITÉ
EMOULEUR	ÉMOULEUR
EMPÊTRÉ	EMPÉTRÉ
EMULGENT	ÉMULGENT
EMULSIF	ÉMULSIF
EMULSINE	ÉMULSINE
EMULSION	ÉMULSION
EMYDE	ÉMYDE
ENADELPHIE	ÉNADELPHIE
ENALLOCHROME	ÉNALLOCHROME
ENANTHÈME	ÉNANTHÈME
ENANTIOPATHIQUE	ÉNANTIOPATHIQUE
ENANTIOSE	ÉNANTIOSE
ENARTHRODIAL	ÉNARTHRODIAL
ENCÉPHALOCÈLE	ENCEPHALOCELE
ENEILÈME	ÉNEILÈME
ENÈME	ÉNÈME
ENÉORÈME	ÉNÉORÈME
ENERGIE	ÉNERGIE
ENERVATION	ÉNERVATION
ENGAÎNANT	ENGAINANT
ENGAÎNÉ	ENGAINÉ
ENODE	ÉNODE
ENORMON	ÉNORMON
ENOSTÉAL	ÉNOSTÉAL
ENTÉRO- HÉMORRHAGIE	ENTÉRO-HÉMORRHAGIE
ENTRECOUPER	ENTRECOUPER 
ENTRECOUPER	ENTRE-COUPER
ENTR'OUVERTURE	ENTR’OUVERTURE
ENUCLÉATION	ÉNUCLÉATION
ENURÉSIE	ÉNURÉSIE
EOLIPYLE	ÉOLIPYLE
EPACMASTIQUE	ÉPACMASTIQUE
EPACRIDÉES	ÉPACRIDÉES
EPACTAL	ÉPACTAL
EPAGNEUL	ÉPAGNEUL
EPAIS	ÉPAIS
EPAISSI	ÉPAISSI
EPAISSISSEMENT	ÉPAISSISSEMENT
EPANCHEMENT	ÉPANCHEMENT
EPANOUISSEMENT	ÉPANOUISSEMENT
EPARS	ÉPARS
EPARVIN	ÉPARVIN
EPAULE	ÉPAULE
EPEAUTRE	ÉPEAUTRE
EPENDYME	ÉPENDYME
EPENDYMITE	ÉPENDYMITE
EPERLAN	ÉPERLAN
EPERON	ÉPERON
EPERVIER	ÉPERVIER
EPHÉLIDE	ÉPHÉLIDE
EPHÉMÈRE	ÉPHÉMÈRE
EPHIALTE	ÉPHIALTE
EPHIDROSE	ÉPHIDROSE
EPHIPPION	ÉPHIPPION
EPI	ÉPI
EPIALE	ÉPIALE
EPIAN	ÉPIAN
EPIBLASTE	ÉPIBLASTE
EPIBLÉMA	ÉPIBLÉMA
EPIBOTANIE	ÉPIBOTANIE
EPICANTHIS	ÉPICANTHIS
EPICARPE	ÉPICARPE
EPICAULE	ÉPICAULE
EPICAUME	ÉPICAUME
EPICÉA	ÉPICÉA
EPICÉPHALE	ÉPICÉPHALE
EPICÉRASTIQUE	ÉPICÉRASTIQUE
EPICHLORHYDRINE	ÉPICHLORHYDRINE
EPICHORION	ÉPICHORION
EPICLINE	ÉPICLINE
EPICOLIQUE	ÉPICOLIQUE
EPICOME	ÉPICOME
EPICONDYLE	ÉPICONDYLE
EPICONDYLO-SUS-PHALANGETTIEN	ÉPICONDYLO-SUS-PHALANGETTIEN
EPICOROLLIE	ÉPICOROLLIE
EPICRÂNE	ÉPICRÂNE
EPICRÂNIEN	ÉPICRANIEN
EPICRASE	ÉPICRASE
EPICRISE	ÉPICRISE
EPIDÈME	ÉPIDÈME
EPIDÉMICITÉ	ÉPIDÉMICITÉ
EPIDÉMIE	ÉPIDÉMIE
EPIDÉMIOLOGIE	ÉPIDÉMIOLOGIE
EPIDÉMIQUE	ÉPIDÉMIQUE
EPIDERME	ÉPIDERME
EPIDERMIQUE	ÉPIDERMIQUE
EPIDERMOÏDE	ÉPIDERMOÏDE
EPIDERMOSE	ÉPIDERMOSE
EPIDÈSE	ÉPIDÈSE
EPIDIDYME	ÉPIDIDYME
EPIDIDYMITE	ÉPIDIDYMITE
EPIDROME	ÉPIDROME
EPIGASTRALGIE	ÉPIGASTRALGIE
EPIGASTRE	ÉPIGASTRE
EPIGASTRIQUE	ÉPIGASTRIQUE
EPIGASTROCÈLE	ÉPIGASTROCÈLE
EPIGÉ	ÉPIGÉ
EPIGÉNÈME	ÉPIGÉNÈME
EPIGÉNÈSE	ÉPIGENÈSE
EPIGÉNÉSIQUE	ÉPIGÉNÉSIQUE
EPIGÉNÉSISTE	ÉPIGÉNÉSISTE
EPIGÉNIE	ÉPIGÉNIE
EPIGINOMÈNE	ÉPIGINOMÈNE
EPIGLOTTE	ÉPIGLOTTE
EPIGLOTTIQUE	ÉPIGLOTTIQUE
EPIGLOTTITE	ÉPIGLOTTITE
EPIGNATHE	ÉPIGNATHE
EPIGONATIS	ÉPIGONATIS
EPIGONE	ÉPIGONE
EPIGYNE	ÉPIGYNE
EPILARYNGIEN	ÉPILARYNGIEN
EPILATION	ÉPILATION
EPILATOIRE	ÉPILATOIRE
EPILEPSIE	ÉPILEPSIE
EPILEPTIFORME	ÉPILEPTIFORME
EPILEPTIQUE	ÉPILEPTIQUE
EPILEPTOGÈNE	ÉPILEPTOGÈNE
EPILEPTOÏDE	ÉPILEPTOÏDE
EPILLET	ÉPILLET
EPILOBE	ÉPILOBE
EPILOGISME	ÉPILOGISME
EPIMÈRE	ÉPIMÈRE
EPINARD	ÉPINARD
EPINE	ÉPINE
EPINIÈRE	ÉPINIÈRE
EPINOCHE	ÉPINOCHE
EPINYCTIDE	ÉPINYCTIDE
EPIOECIE	ÉPIŒCIE
EPIOMIDE	ÉPIOMIDE
EPIONE	ÉPIONE
EPIPAROXYSME	ÉPIPAROXYSME
EPIPASTIQUE	ÉPIPASTIQUE
EPIPÉTALIE	ÉPIPÉTALIE
EPIPHANIE	ÉPIPHANIE
EPIPHÉNOMÈNE	ÉPIPHÉNOMÈNE
EPIPHÉRIDE	ÉPIPHÉRIDE
EPIPHLOGOSE	ÉPIPHLOGOSE
EPIPHLOSE	ÉPIPHLOSE
EPIPHRAGME	ÉPIPHRAGME
EPIPHYLLE	ÉPIPHYLLE
EPIPHYSAIRE	ÉPIPHYSAIRE
EPIPHYSE	ÉPIPHYSE
EPIPHYTE	ÉPIPHYTE
EPIPHYTIE	ÉPIPHYTIE
EPIPHYTIQUE	ÉPIPHYTIQUE
EPIPHYTISME	ÉPIPHYTISME
EPIPLÉROSE	ÉPIPLÉROSE
EPIPLOCÈLE	ÉPIPLOCÈLE
EPIPLO-ENTÉROCÈLE	ÉPIPLO-ENTÉROCÈLE
EPIPLOÏQUE	ÉPIPLOÏQUE
EPIPLO-ISCHIOCÈLE	ÉPIPLO-ISCHIOCÈLE
EPIPLOÏTE	ÉPIPLOÏTE
EPIPLO-MÉROCÈLE	ÉPIPLO-MÉROCÈLE
EPIPLOMPHALE	ÉPIPLOMPHALE
EPIPLOON	ÉPIPLOON
EPIPLOSARCOMPHALE	ÉPIPLOSARCOMPHALE
EPIPLOSCHÉOCÈLE	ÉPIPLOSCHÉOCÈLE
EPIPOLASE	ÉPIPOLASE
EPIPOLIQUE	ÉPIPOLIQUE
EPIPOLISME	ÉPIPOLISME
EPIRRHÉE	ÉPIRRHÉE
EPIRRHIZE	ÉPIRRHIZE
EPISCHÈSE	ÉPISCHÈSE
EPISCHOMÉNIE	ÉPISCHOMÉNIE
EPISÉMASIE	ÉPISÉMASIE
EPISIOCÈLE	ÉPISIOCÈLE
EPISPADIAS	ÉPISPADIAS
EPISPASE	ÉPISPASE
EPISPASME	ÉPISPASME
EPISPASTIQUE	ÉPISPASTIQUE
EPISPERME	ÉPISPERME
EPISTAMINIE	ÉPISTAMINIE
EPISTAPHYLIN	ÉPISTAPHYLIN
EPISTASE	ÉPISTASE
EPISTATION	ÉPISTATION
EPISTAXIS	ÉPISTAXIS
EPISTERNITE	ÉPISTERNITE
EPISTERNUM	ÉPISTERNUM
EPISTHOTONOS	ÉPISTHOTONOS
EPISTOME	ÉPISTOME
EPISTROPHÉE	ÉPISTROPHÉE
EPISYNANGINE	ÉPISYNANGINE
EPISYNTHÉTIQUE	ÉPISYNTHÉTIQUE
EPITASE	ÉPITASE
EPITHÉLIAL	ÉPITHÉLIAL
EPITHÉLIAQUE	ÉPITHÉLIAQUE
EPITHÉLIOMA	ÉPITHÉLIOMA
EPITHÉLIQUE	ÉPITHÉLIQUE
EPITHÉLIUM	ÉPITHÉLIUM
EPITHÈME	ÉPITHÈME
EPITROCHLÉE	ÉPITROCHLÉE
EPITROCHLO-MÉTACARPIEN	ÉPITROCHLO-MÉTACARPIEN
EPITROCHLO-PALMAIRE	ÉPITROCHLO-PALMAIRE
EPITROCHLO-PHALANGIEN-COMMUN	ÉPITROCHLO-PHALANGIEN-COMMUN
EPITROCHLO-RADIAL	ÉPITROCHLO-RADIAL
EPIZOAIRE	ÉPIZOAIRE
EPIZOÏQUE	ÉPIZOÏQUE
EPIZOOTIE	ÉPIZOOTIE
EPIZOOTIQUE	ÉPIZOOTIQUE
EPOINTÉ	ÉPOINTÉ
EPOINTURE	ÉPOINTURE
EPOMIDE	ÉPOMIDE
EPONGE	ÉPONGE
EPREINTES	ÉPREINTES
EPREUVE	ÉPREUVE
EPROUVETTE	ÉPROUVETTE
EPUISEMENT	ÉPUISEMENT
EPULIDE	ÉPULIDE
EPULOTIQUE	ÉPULOTIQUE
EPURATION	ÉPURATION
EPURGE	ÉPURGE
EPYRÈLE	ÉPYRÈLE
EQUATEUR	ÉQUATEUR
EQUATION	ÉQUATION
EQUERRINES	ÉQUERRINES
EQUILIBRATION	ÉQUILIBRATION
EQUILLE	ÉQUILLE
EQUIN	ÉQUIN
EQUINE	ÉQUINE
EQUISÉTACÉES	ÉQUISÉTACÉES
EQUISÉTATE	ÉQUISÉTATE
EQUISÉTIQUE	ÉQUISÉTIQUE
EQUITANT	ÉQUITANT
EQUITATION	ÉQUITATION
EQUIVALENT	ÉQUIVALENT
EQUIVOQUE	ÉQUIVOQUE
ERABLE	ÉRABLE
ERADICATIF	ÉRADICATIF
ERADICATION	ÉRADICATION
ERAILLEMENT	ÉRAILLEMENT
ERECTEUR	ÉRECTEUR
ERECTILE	ÉRECTILE
ERECTILITÉ	ÉRECTILITÉ
ERECTION	ÉRECTION
ERÉMACAUSIE	ÉRÉMACAUSIE
ERÉTHISME	ÉRÉTHISME
ERIGÉRON	ÉRIGÉRON
ERIGNE	ÉRIGNE
EROSION	ÉROSION
EROTIQUE	ÉROTIQUE
EROTOMANIE	ÉROTOMANIE
ERUCINE	ÉRUCINE
ERUCIQUE	ÉRUCIQUE
ERUCTATION	ÉRUCTATION
ERUGINEUX	ÉRUGINEUX
ERUPTIF	ÉRUPTIF
ERUPTION	ÉRUPTION
ERYSIBE	ÉRYSIBE
ERYSIMUM	ÉRYSIMUM
ERYSIPÉLATEUX	ÉRYSIPÉLATEUX
ERYSIPÈLE	ÉRYSIPÈLE
ERYTHÉMATIQUE	ÉRYTHÉMATIQUE
ERYTHÈME	ÉRYTHÈME
ERYTHÉMOÏDE	ÉRYTHÉMOÏDE
ERYTHRARSINE	ÉRYTHRARSINE
ERYTHRÉINE	ÉRYTHRÉINE
ERYTHRIDE	ÉRYTHRIDE
ERYTHRILINE	ÉRYTHRILINE
ERYTHRIQUE	ÉRYTHRIQUE
ERYTHRITE	ÉRYTHRITE
ERYTHROCENTAURINE	ÉRYTHROCENTAURINE
ERYTHROGÈNE	ÉRYTHROGÈNE
ERYTHROGLUCINE	ÉRYTHROGLUCINE
ERYTHROÏDE	ÉRYTHROÏDE
ERYTHROLÉINE	ÉRYTHROLÉINE
ERYTHROLITMINE	ÉRYTHROLITMINE
ERYTHROMANNITE	ÉRYTHROMANNITE
ERYTHRONIUM	ÉRYTHRONIUM
ERYTHROPHYLLE	ÉRYTHROPHYLLE
ERYTHROPROTIDE	ÉRYTHROPROTIDE
ERYTHRORHÉTINE	ÉRYTHRORHÉTINE
ERYTHROSE	ÉRYTHROSE
ERYTHROXYLÉES	ÉRYTHROXYLÉES
ESÉRÉ	ÉSÉRÉ
ESÉRINE	ÉSÉRINE
ESOCES	ÉSOCES
ESOCHE	ÉSOCHE
ESODERME	ÉSODERME
ESULE	ÉSULE
ESURITE	ÉSURITE
ETABLE	ÉTABLE
ETABLISSEMENTS INSALUBRES	ÉTABLISSEMENTS INSALUBRES
ETAGE	ÉTAGE
ETAIN	ÉTAIN
ETAIRON	ÉTAIRON
ETALON	ÉTALON
ETAMAGE	ÉTAMAGE
ETAMINE	ÉTAMINE
ETANG	ÉTANG
ETAT	ÉTAT
ETAU	ÉTAU
ETÉ	ÉTÉ
ETENDARD	ÉTENDARD
ETENDUE	ÉTENDUE
ETERNUMENT	ÉTERNUMENT
ETÉSIENS	ÉTÉSIENS
ETHAL	ÉTHAL
ETHALATE	ÉTHALATE
ETHALDÉHYDE	ÉTHALDÉHYDE
ETHALÈNE	ÉTHALÈNE
ETHALIQUE	ÉTHALIQUE
ETHALOSULFURIQUE	ÉTHALOSULFURIQUE
ETHALSULFHYDRIQUE	ÉTHALSULFHYDRIQUE
ETHÈNE	ÉTHÈNE
ETHER	ÉTHER
ETHÉRAT	ÉTHÉRAT
ETHÉRÉ	ÉTHÉRÉ
ETHÉRÈNE	ÉTHÉRÈNE
ETHÉRIFICATION	ÉTHÉRIFICATION
ETHÉRINE	ÉTHÉRINE
ETHÉRIQUE	ÉTHÉRIQUE
ETHÉRISATION	ÉTHÉRISATION
ETHÉRISER	ÉTHÉRISER
ETHÉRISME	ÉTHÉRISME
ETHÉRO-CHLOROFORME	ÉTHÉRO-CHLOROFORME
ETHÉRO-HYPOSULFURIQUE	ÉTHÉRO-HYPOSULFURIQUE
ETHÉROÏDE	ÉTHÉROÏDE
ETHÉROL	ÉTHÉROL
ETHÉROLAT	ÉTHÉROLAT
ETHÉROLATURE	ÉTHÉROLATURE
ETHÉROLÉ	ÉTHÉROLÉ
ETHÉROLIQUE	ÉTHÉROLIQUE
ETHÉROLOTIF	ÉTHÉROLOTIF
ETHÉRONE	ÉTHÉRONE
ETHÉROPHOSPHORIQUE	ÉTHÉROPHOSPHORIQUE
ETHÉROXALIQUE	ÉTHÉROXALIQUE
ETHÉRYLE	ÉTHÉRYLE
ETHIONIQUE	ÉTHIONIQUE
ETHIOPS	ÉTHIOPS
ETHOGÈNE	ÉTHOGÈNE
ETHOKIRRHINE	ÉTHOKIRRHINE
ETHRIOSCOPE	ÉTHRIOSCOPE
ETHUSE	ÉTHUSE
ETHYLALIZARINE	ÉTHYLALIZARINE
ETHYLAMIDE	ÉTHYLAMIDE
ETHYLBUTYLIQUE	ÉTHYLBUTYLIQUE
ETHYLE	ÉTHYLE
ETHYLÈNE	ÉTHYLÈNE
ETHYLIAQUE	ÉTHYLIAQUE
ETHYLMANNITE	ÉTHYLMANNITE
ETHYLOXAMIDE	ÉTHYLOXAMIDE
ETHYLOXYDOCARBOAMIDE	ÉTHYLOXYDOCARBOAMIDE
ETHYLSULFURIQUE	ÉTHYLSULFURIQUE
ETHYLURÉE	ÉTHYLURÉE
ETINCELLE	ÉTINCELLE
ETIOLÉ	ÉTIOLÉ
ETIOLEMENT	ÉTIOLEMENT
ETIOLOGIE	ÉTIOLOGIE
ETIQUE	ÉTIQUE
ETISIE	ÉTISIE
ETOFFÉ	ÉTOFFÉ
ETOILE	ÉTOILE
ETONNEMENT	ÉTONNEMENT
ETOUFFEMENT	ÉTOUFFEMENT
ETOUPE	ÉTOUPE
ETOURDISSEMENT	ÉTOURDISSEMENT
ETRANGLEMENT	ÉTRANGLEMENT
ETRANGUILLON	ÉTRANGUILLON
ETRIER	ÉTRIER
ETUI	ÉTUI
ETUVE	ÉTUVE
EVACUANT	ÉVACUANT
EVACUATION	ÉVACUATION
EVANESCENT	ÉVANESCENT
EVANOUISSEMENT	ÉVANOUISSEMENT
EVAPORABLE	ÉVAPORABLE
EVAPORATION	ÉVAPORATION
EVENT	ÉVENT
EVENTRATION	ÉVENTRATION
EVERNIATE	ÉVERNIATE
EVERNIQUE	ÉVERNIQUE
EVERRER	ÉVERRER
EVERSIF	ÉVERSIF
EVIDEMENT	ÉVIDEMENT
EVIDEUR	ÉVIDEUR
EVIRATION	ÉVIRATION
EVISCÉRATION	ÉVISCÉRATION
EVOLUTILITÉ	ÉVOLUTILITÉ
EVOLUTION	ÉVOLUTION
EVONYMINE	ÉVONYMINE
EVULSIF	ÉVULSIF
EVULSION	ÉVULSION
EXSTROPHIE 	EXSTROPHIE
FAÎNE	FAINE
FERROCYANURE	FERROÇYANURE
FIÈVREUX	FIÉVREUX
FRUTIQUEUX	FRUTIQUÈUX
GAÎNE	GAINE
GÂTEAU	GATEAU
GENÉSIAQUE	GÉNÉSIAQUE
GÉNÉSIQUE	GENESIQUE
GÉNÉSIQUE	GENESIQUE
GÉNIEN	GENIEN
GLACÉ	GLACE
GLIÔME	GLIOME
GLOMÉRULÉ	GLOMERULE
GLOSSOPLÉGIE	GLÔSSOPLÉGIE
GOÎTREUX	GOITREUX
GONÉCYSTE	GÔNÉCYSTE
GRANIFÈRE	GRANIFÈRÉ
GRÊLE	GRÊLÉ
GROS D'HALEINE	GROS D’HALEINE
GT	GT.
HALURGIE	HALURGIÉ
HÉLLÉBORE	HELLÉBORE
HELMINTHOGÉNÈSIE	HELMINTHOGÉNÉSIE
HÉMATOCHROÏNE	HÉMATOCHROÏNE.
HÉMOTEXIE	HÉMOTEXIÉ
HÉNNÉ	HENNÉ
HÉRISSONNÉ	HÉRISSONNE
HIRUDINÉS	HIRUDINES
HÔTEL-DIEU	HOTEL-DIEU
HYDATIDOGÈNE	HYDATIDOGÉNE
HYDROMÉTRIE	HYDROMETRIE
HYDROPOËSE	HYDROPOÈSE
HYPÉRÉMIÉ	HYPERÉMIE
HYPERMANGANATE	HYPERMANGANATÈ
HYPERMÉTAMORPHOSE	HYPERMETAMORPHOSE
HYPSOMÉTRIE	HYPSOMETRIE
IATRALIPTIQUE	IÂTRALIPTIQUE
ETÉ	ETE
INF	INF.
INTEMPÉRANCE	INTEMPERANCE
IODOMÈTRIE	IODOMÉTRIE
IPÉCACUANHA	IPECACUANHA
IRIDÉRÈMIE	IRIDÉRÉMIE
ISCHIOCÈLE	ISCHIOCELE
JOINTÉ	JOINTE
K'ERTMAT	K’ERTMAT
LABIMÈTRE	LABIMETRE
LACISTÉMÈES	LACISTÉMÉES
LACTOSCOPE	LAÇTOSCOPE
LAÎ	LAÏ
LAITIAT	LAITIÂT
LANGENBECK	LANGENBÉCK
LAZARET	LÀZARET
LÉTHARGUS	LETHARGUS
LIÉNAL	LIENAL
LIENTÉRIE	LIENTÈRIE
LIGNINE 	LIGNINE
MACÉRATUM	MACERATUM
MATTÉREI	MATTÉRÉI
MAGDALÉON	MAGDALEON
MAGNÉSITE	MAGNESITE
MÂLE	MALE
MAN	MAN.
MARGARINO-SULFURIQUE	MARGARINOSULFURIQUE
MASSÉTER	MASSETER
M'BOUNDOU	M’BOUNDOU
MÉCHLOÎNIQUE	MÉCHLOÏNIQUE
MÉDICAMENTATION	MEDICAMENTATION
MÉDITULLIUM	MEDITULLIUM
MÉIBOMIUS	MEIBOMIUS
MÉIBOMIEN	MEIBOMIEN
MÉLLÉOLIQUE	MELLÉOLIQUE
MENSTRUÈS	MENSTRUÉS
MÉTACÉTIQUE	METACÉTIQUE
MÉTALBUMINE	METALBUMINE
MÉTALLOGRAPHIE	METALLOGRAPHIE
MÉTAMÉRIQUE	METAMÉRIQUE
MÉTAPHOSPHATE	METAPHOSPHATE
MÉTROCÈLE	MÈTROCÈLE
MÉTRORRHAGIE	METRORRHAGIE
MONOGÉNÈSE	MONOGENÈSE
EUSE	EUSÉ
MÛRAL	MURAL
EUSE	EUSÉ
MYOOEDÈME	MYOŒDÉME
NEHAÏ	NEHAI
NÉPHROGRAPHIE	NEPHROGRAPHIE
NÉPHROLITHIASE	NEPHROLITHIASE
NÉPHRORRHAGIE	NEPHRORRHAGIE
NÉVRAGMIE	NÉVRAGMIÈ
NISUS FORMATIVUS	NISUSFORMATIVUS
NITRIÈRE	NITRIERE
NOLI ME TANGERE	NOLIME TANGERE
OBSTÉTRICIE	OBSTETRICIE
OCCIPITO-PARIÉTAL	OCCIPITO-PARIETAL
OLÉCRÂNE	OLÉCRANE
OLÉCRÂNIEN	OLÉCRANIEN
OPHTHALMOPLÉGIE	OPHTHALMOPLEGIE
ORGANULE	ORGANULÉ
OSMAZÔME	OSMAZOME
OSSIFÈRE	OSSIFÉRE
OSTÉOLOGIE	OSTEOLOGIE
OXYGENÈSES	OXYGENÉSES
PANSPERMISTE	PANSPERMISTÈ
PARAITACONIQUE	PARAITACONIQUÈ
PARAPHRÉNITIS	PARAPHRENITIS
ÉE	ÉÉ
PÂTEUX	PATEUX
ALE	ALÉ
PELVIMÉTRIE	PELVIMETRIE
PEMPHIGOÏDE	PEMPHIGOIDE
PÉRIDERME	PERIDERME
PÉRILYMPHE	PERILYMPHE
PÉRIOSTOSE	PERIOSTOSE
PÉRONÉO-DACTYLIEN	PÉRONEO-DACTYLIEN
PERSONNÉ	PERSONNE
PHACOSCLÉROSE	PHÀCOSCLÉROSE
PHANÉRONEURE	PHANÉRONÉURE
PHARYNGOCÈLE	PHARYNGOCELE
PHLÉBOLOGIE	PHLEBOLOGIE
PHLÉBOTOME	PHLEBOTOME
PHOSPHORÉNÈSE	PHOSPHORÉNÉSE
PHOTOMÉTRIE	PHOTOMETRIE
PHYLLOÏDE	PHYLLOIDE
PLEUROCÈLE	PLEUROCELE
PLOESSLÉE	PLŒSSLEE
PNEUMOCÈLE	PNEUMOCELE
POÈLE	POÊLE
POROCÈLE	POROCELE
POURCEAU	POURCÈAU
PRIVILÉGE	PRIVILÈGE
PSEUDO-NAVICELLE	PSÉUDO-NAVICELLE
PTÈNE	PTÊNE
PULV	PULV.
PYRÉTHRINE	PYRETHRINE
Q'SSELA QHITEGN	Q’SSELA QHITEGN
QUERCÉTINE	QUERCETINE
RAFRAÎCHISSANT	RAFRAICHISSANT
RAMAÏ	RAMAI
RÉNITENT	RENITENT
RENONCULACÉES	RENONCULACEES
RÉPOSITION	REPOSITION
RÉTISTÉRÈNE	RÉTISTÉRENE
REVACCINATION	REVACCINÀTION
RÉVIVIFICATION	REVIVIFICATION
RÉVIVISCENT	REVIVISCENT
RHOMBOÏDAL	RHOMBOIDAL
SACCHARINÉ	SACCHARINE
SALIGÈNINE	SALIGÉNINE
SALPÊTRERIE	SALPÉTRERIE
SAPONIQUE	SAPONIQUÉ
SCLÉRÈMIE	SCLÉRÉMIE
SCROTOCÈLE	SCROTOCELE
SÉCATEUR	SECATEUR
SIALISME	SIALISMÈ
SOUS-SCAPULO-TROCHINIEN	SOUS-SCAPULO-TROCHINIÉN
SPARTÉINE	SPARTEINE
SPERMATOCÈLE	SPERMATOCELE
SPIRICULE	SPIRIÇULE
SPIROÏDE	SPIROIDE
SPIROMÉTRIE	SPIROMETRIE
STIPULIFÈRE	STIPULIFÉRE
STYLO-GLOSSE	STYLOGLOSSE
CUMINO-SULFURIQUE	CUMINOSULFURIQUE
SUS-SCAPULO-TROCHITÉRIEN	SUS-SCAPULO TROCHITÉRIEN
ALE	A LE
T	T.
TAW D'AFRIQUE	TAW D’AFRIQUE
TÉCOMOJACA	TÈCOMOJACA
TEKORRHÉTINE	TEKORRHÈTINE
TERRE-À-TERRE	TERRE-A-TERRE
TÉTARD	TÊTARD
TÉTRAPHARMACUM	TETRAPHARMACUM
TRACHÉLO-ATLOÏDO-OCCIPITAL	TRACHELO-ATLOÏDO-OCCIPITAL
TREMBLES	TREMBLES.
URÉNOXYDE	URÉNOXYDÈ
URÉTHROTOME	URÈTHROTOME
VAGINALITÉ	VAGINALITE
VALET À PATIN	VALET A PATIN
VÈLAGE	VÉLAGE
VÈLE	VÊLE
VIS À TERGO	VIS A TERGO
VITICULE	VITICULE-
YEUX D'ÉCREVISSE	YEUX D’ÉCREVISSE
ACÉNAPHTÉNE	ACÉNAPHTÈNE
ELECTRO-CAPILLAIRE	ÉLECTRO-CAPILLAIRE
ETAIRON	ÉTAIRON
ETHYLATE	ÉTHYLATE
ETHYLAL	ÉTHYLAL
ETHYLGLYCOL	ÉTHYLGLYCOL
ETHYLIQUE	ÉTHYLIQUE
EVOLUTIONISTE	ÉVOLUTIONISTE
